artist_id,artist_name,purpose_premium_pack
1Xyo4u8uXC1ZmMpatF05PJ,The Weeknd,False
757aE44tKEUQEqRuT6GnEB,Roddy Ricch,False
4kYSro6naA4h99UJvo89HB,Cardi B,False
4r63FhuTkUYltbVAg5TQnk,DaBaby,False
6fWVd57NKTalqvmjRd2t8Z,24kGoldn,False
66CXWjxzNUsdJxJ2JdwvnR,Ariana Grande,False
45dkTj5sMRSjrmBSBeiHym,Tate McRae,False
0eDvMgVFoNV3TpwtrVCoTj,Pop Smoke,False
4q3ewBCX7sLwd24euuV69X,Bad Bunny,False
5cj0lLjcoR7YOSnhnX0Po5,Doja Cat,False
0Cp8WN4V8Tu4QJQwCN5Md4,BENEE,False
6M2wZ9GZgrQXHCFfjv46we,Dua Lipa,False
6KImCVD70vtIoJWnq6nGn3,Harry Styles,False
4MCBfE4596Uoi2O4DtmEMz,Juice WRLD,False
3Nrfpe0tUJi4K4DXYWgMUX,BTS,False
0H39MdGGX6dbnnQPt6NQkZ,SAINt JHN,False
181bsRPaVXVlUKXrxwZfHK,Megan Thee Stallion,False
7ITE6G1y6F5R30LjysYEBF,Jawsh 685,False
0u6GtibW46tFX7koQ6uNJZ,Topic,False
7uaIm6Pw7xplS8Dy06V6pT,Trevor Daniel,False
1uNFoZAHBGtllmzznpCI3s,Justin Bieber,False
06HL4z0CvFAxyc27GXpf02,Taylor Swift,False
4GNC7GD6oZMSxPGyXy4MNB,Lewis Capaldi,False
6qqNVTkY8uBg9cP3Jd7DAH,Billie Eilish,False
5zctI4wO9XSKS8XwcnqEHk,Lil Mosey,False
4ETSs924pXMzjIeD6E9b4u,Surfaces,False
2LIk90788K0zvyj2JJVwkJ,Jack Harlow,False
6MPCFvOQv5cIGfw3jODMF0,Internet Money,False
3TVXtAsR1Inumwj472S9r4,Drake,False
790FomKkXshlbRYZFtlgla,KAROL G,False
1HY2Jd0NmPuamShAr6KMms,Lady Gaga,False
1lmU3giNF3CSbkVSQmLpHQ,Surf Mesa,False
26VFTg2z8YR0cCuwLzESi2,Halsey,False
2tIP7SsRs7vjIcLrU85W8J,The Kid LAROI,False
5YGY8feqx7naU7z4HrwZM6,Miley Cyrus,False
6TIYQ3jFPwQSRmorSezPxX,Machine Gun Kelly,False
2PaZWGu5T5nHjY2xxAkFsT,THE SCOTTS,False
41MozSoPIsD1dJM0CLPjZF,BLACKPINK,False
7bXgB6jMjp9ATFy66eO08Z,Chris Brown,False
03d2mJXSMtuPI0nIvLnhoS,Zoe Wees,False
6bmlMHgSheBauioMgKv2tn,Powfu,False
6DgP9otnZw5z6daOntINxp,Joel Corry,False
1XLWox9w1Yvbodui0SRhUQ,StaySolidRocky,False
5f7VJjfbwm532GiveGC0ZK,Lil Baby,False
1r4hJ1h58CWwUQe3MxPuau,Maluma,False
4Uc8Dsxct0oMqx0P6i60ea,Conan Gray,False
7MPGCB854Qo4alYMOPkBka,Ritt Momney,False
2JbE7jUIGtpXSzytnyMg6U,Curtis Waters,False
1RyvyyTE3xzB2ZywiAwp0i,Future,False
66W9LaWS0DPdL7Sz8iYGYe,JP Saxe,False
7kwCkEJ384PWm0UQW3hxjS,Yella Beezy,False
59KQTERLpPa7M0F25fRH6V,Dinah Jane,False
7licaqhcEBQUzz9FownRaJ,Miquela,False
72FGvJgYbs0NBeJqECy6cF,Andra,False
1vyhD5VmyZ7KMfW5gqLgo5,J Balvin,False
4npEfmQ6YuiwW1GpUmaq3F,Ava Max,False
56mfhUDKa1vec6rSLZV5Eg,Jawsh 685,False
64KEffDW9EtZ1y2vBYgq8T,Marshmello,False
4rTv3Ejc7hKMtmoBOK1B4T,Ali Gatie,False
1yxSLGMDHlW21z4YXirZDS,Black Eyed Peas,False
3e7awlrlDSwF3iM0WBjGMp,Little Mix,False
4IWBUUAFIplrNtaOHcJPRM,James Arthur,False
7n2wHs1TKAczGzO7Dd2rGr,Shawn Mendes,False
07YZf4WDAMNwqr4jfgOZ8y,Jason Derulo,False
64M6ah0SkkRsnPGtGiRAbb,Bebe Rexha,False
6MDME20pz9RveH9rEXvrOM,Clean Bandit,False
2wY79sveU1sp5g7SokKOiI,Sam Smith,False
3QJUFtGBGL05vo0kCJZsmT,salem ilese,False
5ZsFI1h6hIdQRw2ti0hz81,ZAYN,False
63yrD80RY3RNEM2YDpUpO8,Melanie Martinez,False
3oSJ7TBVCWMDMiYjXNiCKE,Kane Brown,False
2jnIB6XdLvnJUeNTy5A0J2,Why Don't We,False
6jJ0s89eD6GaHleKKya26X,Katy Perry,False
23fqKkggKUBHNkbKtXEls4,Kygo,False
6s22t5Y3prQHyaHWUN1R1C,AJR,False
4nDoRrQiYLoBzwC5BhVJzF,Camila Cabello,False
3t5xRXzsuZmMDkQzgOX35S,Robin Schulz,False
2kRfqPViCqYdSGhYSM9R0Q,Madison Beer,False
7gOdHgIoIKoe4i9Tta6qdD,Jonas Brothers,False
04gDigrS5kc9YWfZHwBETP,Maroon 5,False
3YQKmKGau1PzlVlkL1iodx,Twenty One Pilots,False
0J7U24vlOOIeMpuaO6Q85A,LP,False
6L1XC7NrmgWRlwAeLJvVtA,Sam Fischer,False
5JZ7CnR6gTvEMKX4g70Amv,Lauv,False
1bqxdqvUtPWZri43cKHac8,MAX,False
6wPhSqRtPu1UhRCDX5yaDJ,The Pussycat Dolls,False
57WHJIHrjOE3iAxpihhMnp,Louis Tomlinson,False
20soF34gXIwDGHOk90gla0,Jordan Suaste,False
7CajNmpbOovFoOoasH2HaY,Calvin Harris,False
0C8ZW7ezQVs4URX5aX7Kqx,Selena Gomez,False
4jpsw9CQS439N0B7SecMgf,Ant Saunders,False
7vk5e3vY1uw9plTHJAMwjN,Alan Walker,False
5LHRHt1k9lMyONurDHEdrp,Tyga,False
28B54RKpJrEmDoGSTjsfY6,Magnus Haven,False
4DAcJXcjX0zlQAZAPAx4Zb,Ben&Ben,False
2Q9c6ETFOkDDTy53U7DIgr,Maximillian,False
3FwNjtXQCdxpDOXmgJQGnG,Emman,False
7z5WFjZAIYejWy0NI5lv4T,Dan + Shay,False
1YlibpAvhJBbMZMBwN1KGv,The Juans,False
6kyw9sh7ryjy1GQdPYH3Yd,Juan Caoile,False
1SrWbIDP84JcSDr0oTBAQw,Matthaios,False
246dkjvS1zLTtiykXe5h60,Post Malone,False
0LyfQWJT6nXafLPZqxe9Of,Various Artists,False
2NjfBq1NflQcKSeiDooVjY,Tones And I,False
0vRvGUQVUjytro0xpb26bs,Arizona Zervas,False
52gTrzyF0DyfkFl1DQz9Oq,Music Hero,False
7tKpXx21KVUOR6vvDs6xtg,I Belong to the Zoo,False
3PDFGpPl4ienSn5Vwisfrh,Flow G,False
3gIRvgZssIb9aiirIg0nI3,Jeremy Zucker,False
4qFxP3qN9GsnZDOkAE6x2m,December Avenue,False
4vxaQs6vK54nK89J1VtLex,PUBLIC,False
7dxr6AabRWhsfYRyVJlErK,MC Einstein,False
0imE3buPhAowREqCrr4CYe,Peach Tree Rascals,False
0iqkVK6sTXi7DZWWOeKy8Q,PDL,False
2EGJbNf0Hva2C2N6hvhMXD,Soulstice,False
6ZdzYE3CEgY0Umgi3Dsgv8,Michael Dutchi Libranda,False
1z4g3DjTBBZKhvAroFlhOM,Red Velvet,False
49tQo2QULno7gxHutgccqF,LANY,False
6eUKZXaKkcviH0Ku9w2n3V,Ed Sheeran,False
0rZRTXEmmPmx6gt92tBqIc,Moira Dela Torre,False
7n2Ycct7Beij7Dj7meI4X0,TWICE,False
6LuN9FCkKOj5PcnpouEgny,Khalid,False
2XHTklRsNMOOQT56Zm3WS4,Parokya Ni Edgar,False
4AK6F7OLvEQ5QYCBNiQWHq,One Direction,False
3SgHzT552wy2W8pNLaLk24,Hillsong Worship,False
7374lH6kwx9uQATYQ9H3Cp,Eraserheads,False
0du5cEVh5yTK9QJze8zA0C,Bruno Mars,False
7CQwac16i1W5ej8YpuL3dv,Boyce Avenue,False
3MZsBdqDrRTJihTHQrO6Dq,Joji,False
2kxP07DLgs4xlWz8YHlvfh,NIKI,False
117XFtbZPnCI1EYKjYZWJc,Skusta Clee,False
4iHNK0tOyZPYnBU7nGAgpQ,Mariah Carey,False
6aiCKnIN68hohzU3ZzNq48,Sarah Geronimo,False
4nGp682WMiKS4X217kPw8C,Silent Sanctuary,False
4xXCRXOfQKQ2gjWxNhNzYW,Air Supply,False
4GvEc3ANtPPjt1ZJllr5Zl,Bazzi,False
5Z1CCuBsyhEHngq3U5IraY,Westlife,False
7dGJo4pcD2V6oG8kP0tJRR,Eminem,False
0Y5tJX1MQlPlqiwlOH1tJY,Travis Scott,False
5K4W6rqBFWDnAN6FQUkS6x,Kanye West,False
15UsOTVnJzReFVN1VCnxy4,XXXTENTACION,False
5pKCCKE2ajJHZ9KAiaK11H,Rihanna,False
718COspgdWOnwOFpJHRZHS,Luke Combs,False
7dlqUnjoF2U2DkNDMhcgG4,Hilltop Hoods,False
6vWDO969PvNqNYHIOW5v0m,Beyoncé,False
08GQAI4eElDnROBrJRGE0X,Fleetwood Mac,False
6nxWCVXbOlEVRexSbLsTer,Flume,False
2JY5qzEozvTdogkDTkkOMf,The Wiggles,False
1dfeR4HaWDbWqFHLkxsg1d,Queen,False
5Rl15oVamLq7FbSb0NNBNy,5 Seconds of Summer,False
1KCSPY1glIKqW2TotWuXOR,P!nk,False
3WrFJ7ztbogyGnTHbHJFl2,The Beatles,False
69GGBxA162lTqCwzJG5jLp,The Chainsmokers,False
6l3HvQ5sa6mXTsMTB19rO5,J. Cole,False
0hCNtLu0JehylgoiP8L4Gh,Nicki Minaj,False
1UTPBmNbXNTittyMJrNkvw,Blake Shelton,False
34PBD4UZEgCAtU1W1qfKKl,Render Sisters,False
5Zq7R5qmi58ByYyBQTlNuk,Lee Brice,False
0BvkDsjIUla7X0k6CSWh1I,Luke Bryan,False
6x2LnllRG5uGarZMsD4iO8,Thomas Rhett,False
2kucQ9jQwuD8jWdtR9Ef38,Sam Hunt,False
147nKr9upHZSSxqCzh9j7c,Jimmie Allen,False
4oUHIQIBe0LHzYfvXNW4QM,Morgan Wallen,False
4SbuhLih8eWLmqFzzmM3AK,HIXTAPE,False
66lH4jAE7pqPlOlzUKbwA0,Miranda Lambert,False
31n3CN1jSC5ALUJ9dwT8UI,Kameron Marlowe,False
0Z8XVUAOBPM4x12wKnFHEQ,Parker McCollum,False
0u2FHSq3ln94y5Q57xazwf,Keith Urban,False
4MoAOfV4ROWofLG3a3hhBN,Jon Pardi,False
2dZ1l4hWgtbMS0N5T9Oalb,Sean Stemaly,False
0fiWOxhsBsQQvFDtxUQWo0,Brett Young,False
4Uux6BdaCNrVFQ0bqGRtfh,Randall King,False
4MPkNgar5uTd8Sqvrr7par,Clay Walker,False
4YLtscXsxbVgi031ovDDdh,Chris Stapleton,False
2pSObt5Fk8izuX8ZfI3jRn,Upchurch,False
7sbOsWFihW9UdQl6TJYY9H,Titus Glenn,False
5q8HGNo0BjLWaTAhRtbwxa,Brantley Gilbert,False
1n2pb9Tsfe4SwAjmUac6YT,Jake Owen,False
6nXco5Q3cJJ0ZutnBOsSpq,MacKenzie Porter,False
0LEr7kyROjp7nKLWGSReLl,Jennifer Smestad,False
34bhyY8jfKez7uKakMfy4y,Maddie & Tae,False
0qSX3s5pJnAlSsgsCne8Cz,Brett Eldredge,False
0ryF1Gy87xVCOF0Jb666ak,Dean Brody,False
4TshyQDihSYXSWqvclXl3I,Parmalee,False
32WkQRZEVKSzVAAYqukAEA,Lady A,False
03UZwtrCiMR9P10LcjQ5Wu,Creed Fisher,False
1E2AEtxaFaJtH0lO7kgNKw,Russell Dickerson,False
1dID9zgn0OV0Y8ud7Mh2tS,Dustin Lynch,False
5QNm7E7RU2m64l6Gliu8Oy,HARDY,False
5WRElKaZsn1tGnrgmJVAeO,Cam,False
1dIS2M2CNnqd2ks8Okqi7A,Gone West,False
1mfDfLsMxYcOOZkzBxvSVW,Cole Swindell,False
3fMbdgg4jU18AjLCKBhRSm,Michael Jackson,False
7JZafQsN8syJ9agEtcyP4V,Shy Carter,False
7tje8UB3cuR1ZfeJx2U38T,Logan Mize,False
3RqBeV12Tt7A8xH3zBDDUF,Kelsea Ballerini,False
4sIl4BTo9l9KqEi0Y3RE72,Carly Pearce,False
371jpyGdoChzUASOIG2ECV,Ashley McBryde,False
4xFUf1FHVy696Q1JQZMTRj,Carrie Underwood,False
68abRTdO4meYReMWHvBYb0,Chris Lane,False
6yJCxee7QumYr820xdIsjo,Zac Brown Band,False
5dMnvpYEfXvSexjwnSRH5n,RaeLynn,False
7MiDcPa6UiV3In7lIM71IN,Gusttavo Lima,False
6jncnjvxMwbLIEYDhwsGlu,Raffa Torres,False
6m6e7D2TnV0aYMllFFwMxu,Guilherme & Benuto,False
06cd30Cv9US973Ika84gDw,Lucas Lucco,False
7M83IzPXGA4ClZJ5reW2Ro,Douglas & Vinicius,False
4FUMTycjZlEY6ZxMgqNjC8,Tierry,False
1AL2GKpmRrKXkYIcASuRFa,Wesley Safadão,False
5K8Rmjmf4RZFffz94EmBRt,Zé Vaqueiro,False
1yR65psqiazQpeM79CcGh8,Marília Mendonça,False
0ydGW5O1ai60prNBXKWSbF,Ricardo Bacelar,False
5dmAaE3uOvFju8xzDulX5h,Davi & Thiago,False
2I72QcB2NcskfukdmV9sog,Sandro,False
48GcDaOEfFSpjdQ9F7YjGz,Thalicia,False
22jNvLBrXGKr4CcV2tw8Ag,Jonas Esticado,False
5ZqZAqnYsg0xvdyd1vBb15,Y BALLOON,False
6czdbISBoxGckbBX8F4m8L,Jacob Sartorius,False
3p7PcrEHaaKLJnPUGOtRlT,Henrique & Juliano,False
2OUgs5INWK2UEvZ6amWiJr,Eduardo Costa,False
3aANIxbg5GNj2aGxxpg4Mr,Kamatos,False
0kjGPGtoyKwKVOZAKmv5K6,Giulia Be,False
6szGc0bzf7tY6HXwBVyNZ0,Varandão,False
71Pw9VanbUtPzvO0XiO9im,Lisa Remar,False
5jFepnWLPWhkMKz2GMDu38,Ivan and Peter,False
2Z0lRIqr997lIUiPtrpKCr,Matheus & Kauan,False
007FXgr0jLBJxhPJjacXQH,Eric Land,False
7Lmrb6KcIzfkmgbtokjsAL,Mc Don Juan,False
3E7iusS129Vnet5v20rqOA,Banda Camanduê,False
7KVJCU4z5L4EUHILL8aMxR,Leo Santana,False
2eSyfNgqkRpB4Ggu55P1Gg,Gleydson Gavião,False
678fuyxTJtrNnGC4sMl07C,Danny Hesher,False
0UbJJayomun8CvZKCPH9j3,Luíza & Maurílio,False
7FSn06H3NaT54hcxAY5rQ9,Atalhos,False
3sZISNeztIW6iDfXtNF2ye,Greya,False
0EsEAJnMo4tFoVIx6KqfWY,Deco,False
6VixI1Abe7e3mV3ScdQmg1,Luciane Dom,False
0G0UBEMCXDj4UWnT3BeBoS,bule,False
59jlthNnbmim5l9tmNA7se,Maiara & Maraisa,False
3hq7WoPJsrRP0KMSLhUgRz,Murilo Huff,False
487N2T9nIPEHrlTZLL3SQs,Zé Neto & Cristiano,False
0MInKJqZscEeNc5K3K0mkE,Simone & Simaria,False
6Kps94g1Npexh3LrinIOvC,Calcinha Preta,False
597XBqZtaiZC7laCNx3nVz,Yasmin Santos,False
7zIRO89G0FBAQtGMHO1Wa0,João Bosco & Vinicius,False
06lnOkY99sXVW44Y0M4BDP,Vitão,False
6TYimByryGphZCtwYopH0y,Lauana Prado,False
1elUiq4X7pxej6FRlrEzjM,Jorge & Mateus,False
3qvcCP2J0fWi0m0uQDUf6r,Luan Santana,False
43DRDu6nLSeIedZ7T1A616,Xand Avião,False
47uyFQHOD02S0lj9ptRpoB,Felipe Araújo,False
2MQolJPqfSxDtm0xObw93I,Júnior Angelim,False
1X6ORK7IekgmyjV6IFPszP,Gustavo Mioto,False
76Uu7lnLuTOmH2eZsKZTan,Kubańczyk,False
154o9Wi0JpSDbYQPMtmpd5,Wiatr,False
3txlfIcKCNrKk5bJw1er3R,Kali,False
4z93wkjfGntA0XFqnv4wj7,Pezet,False
4Q3xLVaD2uBZGVxmCYuSkt,Kabe,False
79b4a4Bg30Y0RlO5de5jni,Alberto,False
462yq5vpZnO172v3nK9ibv,Paluch,False
0QR764k0D36npmTMWx5bft,Żabson,False
6QfFTZJHFSe9Xyes6DkAli,Reto,False
0wm6v5GU6VbR1wtsm0YiTV,Słoń,False
16TsNPlesuA1R9kPLS6nta,Favst,False
0LX2VNf5w4iOHW1yyIqb74,Bedoes,False
31KykqmaPRWmV8PMHgWdE3,chillwagon,False
2ufQfSFDFXfMS7MEMzdGZE,Białas,False
0Wi2fADbhwXlPUWxBmzo99,Szpaku,False
7CJgLPEqiIRuneZSolpawQ,Taco Hemingway,False
0AEQNlJAZeghMaFyIYfrQG,SB Maffija,False
2IHoZ3RrDJIikMRsYgHjhy,Kizo,False
2fpZqYlKXdf4A7AFZbbji9,Dedis,False
56VhOZOF6hwqrbNYwkmcsH,Sobel,False
4vANIRmGaClLxlTLd1rr1R,Epis DYM KNF,False
4nPxrGG7k7aEKmNLsfX4cd,White 2115,False
2zioaq2d7svakjWZV5FDXm,Przyłu,False
39lKxb2ZHaygwUTthI92SS,Kacper HTA,False
1MZ1TtfmzMHEYIlynXsr1a,Gedz,False
5iM4dDbBN6a4OqxKPuxgS6,Major SPZ,False
0MIG6gMcQTSvFbKvUwK0id,Mata,False
7v49oVVUhvIQG5EK0jkcF7,PRO8L3M,False
2hrWpLNoJcs1EnWSXvB6JI,The Rubens,False
3QSQFmccmX81fWCUSPTS7y,Dean Lewis,False
5INjqkS1o8h1imAzPqGZBb,Tame Impala,False
10exVja0key0uqUkk6LJRT,Vance Joy,False
18lpwfiys4GtdHWNUu9qQr,Ocean Alley,False
3cI6oSkDCirRNVAgBsGJyB,No Money Enterprise,False
6yrtCy4XJHXM6tczo4RlTs,Lime Cordiale,False
5PjekOABtfU2Kwo0AHVmci,Guy Sebastian,False
1VcbchGlIfo3Gylxc3F076,Cold Chisel,False
1VXE1xqGNlT9HG6TcjpQ9I,Hooligan Hefs,False
5WUlDfRSoLAfcVSX1WnrxN,Sia,False
5xkAtLTf309LAGZTbvULBn,Ruel,False
0SNWoGaDlrCompmg9rXeNq,Paul Kelly,False
6LBCQo20ri3tsvbsWWLmr6,Powderfinger,False
4t52ndk0OkAxtb4vMDLPhe,Daryl Braithwaite,False
6wFwvxJkurQPU2UdeD4qVt,The Jungle Giants,False
0iFJbJ7jMv5QAmA6hWm6Ic,Day1,False
2DORQjKJVYZMx9uu82UGtT,Amy Shark,False
711MCceyCBcFnzjGY4Q7Un,AC/DC,False
4OSArit7O2Jaj4mgf3YN7A,Mallrat,False
2u6qHMpQaE48aowjWKJeCM,Choirboys,False
36PxHmbx5QrRTpuCaw4FuV,Youngn Lipz,False
142YBUGmLWCJigFLzgguf8,Gang of Youths,False
71jSVPQ6yskfyvWeiwvT5s,S1mba,False
67hb7towEyKvt5Z8Bx306c,Empire of the Sun,False
0f3EsoviYnRKTkmayI3cux,Men At Work,False
5TUXXyB6ZKCdd0vQx6yR2J,Chillinit,False
3ZGr7nQBXDU2WhyXgRVbt0,Sticky Fingers,False
2QwlJEasItpClFQ2Ldx61r,Richard Tichelman,False
2EoD9P10mZfRrBWo1nc44Z,Wikw,False
2sWPkzmoeURpFG1Ca5Zm3g,Gabeo,False
6FAo7ORAHEzSSf5q10LLfN,Lil Mabu,False
3WZbnaao6ao4diqMVvDJXk,Jonny West,False
40evB5ihg79VWJAkDjsqd6,Diana,False
3E6DBHJxaEwHKcVnotfkhU,Kooly Bros,False
7HnQDAK5bvvalWJkaPcHFh,Fayross,False
6Jsh7nTKdhKsVHP5zHooI0,Cwby,False
1aKxOOjrr9tPOCat11beik,Joël,False
2nb8BTAKPTMWPi3FOGWMq9,Bugbee,False
50fYj0q2SopMvgqhnmhjik,Jacke Tripp,False
6FVLth5lak99Ve6XGbziL2,Floyd Zion,False
01mUEpopaowW47Ra1nz55w,Barely Trev,False
1CIZRiT4Ggvs5Q3Kg4B0W6,Pat Dimitri,False
4dC4ZpxFqklyn9xNTAaeYH,Yasin,False
6nQU2fgCIK8xSFT8weMxP4,Nate Curry,False
5yoJncvEp3IWsVWvH5f7fg,Paige Garabito,False
30fjDJB1vNHW9ZjjSuMTgf,3TIME,False
1F03cvxw1p5NzqkLnwDpcL,Baegod,False
67s6k0Ijuf0QDaotMJLxrQ,Juvahn,False
1hhCo32XBkw8H0iqTSnkx0,Sam Silver,False
6FaeHLNz3ISxqrVJCprURb,NateTaylorr,False
6u7Wi68Ww2enhuxzGV4Jen,Allé,False
2FWet7RIyCyNlZSNpYpJxi,Crape,False
5v6g2s2SlQJX9cQ9ogEj9s,Duchi Da Vinchi,False
0acDx3AaPdogwfxsP4DAiY,John Tony,False
70slrjM1qHK6WiwJLerxBY,Summonte,False
6m3JhzmHaGOTO2XKns88fy,Dylan Reese,False
2PyLcdy8bRQz3oxAKeAQJv,Blane Is Lame,False
7crF48BmAnNaoNU8QPVld0,THEMXXNLIGHT,False
1pPmIToKXyGdsCF6LmqLmI,Rich The Kid,False
2jAOFPTiOaRQW0yxb0T97o,Cryface Jordan,False
5Lhxlge1CR1DrgDAje8Qaw,NoMBe,False
3K2zB87GZv1krx031en5VA,La Roux,False
0rAt7V95LWbRPvWQFd21il,Yoshi Flower,False
063EuqCFOVlxc3xF3bwqQl,wolfi,False
5IH6FPUwQTxPSXurCrcIov,Alec Benjamin,False
69DKP6GuG0YiUc5K7tJ4an,Ella Isaacson,False
7lsnwlX6puQ7lcpSEpJbZE,Kilo Kish,False
2SrSdSvpminqmStGELCSNd,Stormzy,False
053q0ukIDRgzwTr4vNSwab,Grimes,False
0SwO7SWeDHJijQ3XNS7xEE,MGMT,False
12Zk1DFhCbHY6v3xep2ZjI,070 Shake,False
2qDdxfKUpYg8wc49KIuT3b,Tommy Genesis,False
4pADjHPWyrlAF0FA7joK2H,Jay Sean,False
6TXM1kV4L8DsDAkAfbOPYk,Ally Brooke,False
6jGMq4yGs7aQzuGsMgVgZR,Lil Tjay,False
6qgnBH6iDM91ipVXv28OMu,KAYTRANADA,False
4gTk6Jv1rXIWNlcuHnziow,Sbvce,False
4AHhe1KXVCCoOdHQNjH5Zu,REYNA,False
1xQwlpsU0vjTXIq2kT4ZVT,Keenan,False
1dy5WNgIKQU6ezkpZs4y8z,ROLE MODEL,False
5fEQLwq1BWWQNR8GzhOIvi,Eric Chou,False
2elBjNSdBE2Y3f0j1mjrql,Jay Chou,False
3TtgOeQcNkf9WVDA4xPBJM,831,False
3HqSLMAZ3g3d5poNaI7GOU,IU,False
28gf2piFx6cAKOMIwcky5a,A-Lin,False
2KC9Qb60EaY0kW4eH68vr3,ITZY,False
1SZdTuxme3mOk0D9pUFrET,En,False
4XpUIb8uuNlIWVKmgKZXC0,ZICO,False
3Cs5QQYz6pMhbEKaBNCtfi,Zynakal,False
4qIVPF0s71ZYW3qzhu5GkF,Kina,False
2WxjxdeF7GGdcCK276qViY,Natalie Taylor,False
6IDsZZ4IHgs9VblBgQQSmt,Andmesh,False
3KwmxIhSe9UTSEF37kwngR,SHAED,False
619CzMJPPWrCeZwx5qw6ko,Besomorph,False
0xRXCcSX89eobfrshSVdyu,MEDUZA,False
4ofCBoyEiGSePFAG500xev,Regard,False
3UV0wVQkft6lKLDGioqnyO,Coopex,False
2o08sCWF5yyo2G4DCiT7T9,HVME,False
4ivfOZMa6lNjfcfpubOg6q,Besomage,False
60d24wfXkVzDSfLS6hyCjZ,Martin Garrix,False
4u1nYxjl132D6rcMeYQ6Zz,Rival,False
0JOxt5QOwq0czoJxvSc5hS,GASHI,False
7jVv8c5Fj3E9VhNjxT4snq,Lil Nas X,False
2o5jDhtHVPhrJdv3cEQ99Z,Tiësto,False
738wLrAtLtCtFOLvQBXOXp,Major Lazer,False
56oDRnqbIiwx4mymNEv7dS,Lizzo,False
7i9j813KFoSBMldGqlh2Z1,Riton,False
1IueXOQyABrMOprrzwQJWN,Sigala,False
1aQwKFn00nswXRDUDipm0K,Gaullin,False
20gsENnposVs2I4rQ5kvrf,Sam Feldt,False
1MIVXf74SZHmTIp4V4paH4,Mabel,False
0X2BH1fck6amBIoJhDVmmJ,Ellie Goulding,False
7nqlScm2smydSRl13eaP8E,Nea,False
3hv9jJF3adDNsBSIQDqcjp,Mark Ronson,False
3v6Ji4uoWtKRkhuDUaxi9n,Dynoro,False
1Xylc3o4UrD53lo9CvFvVg,Zara Larsson,False
1yPdXrLhRc50YbwiwCr1uN,Johnning,False
2YZyLoL8N0Wb9xBt1NhZWg,Kendrick Lamar,False
4tvKz56Tr39bkhcQUTO0Xr,Angus & Julia Stone,False
3I3Fz1DeUY0icXFvOjbXm7,Methyl Ethel,False
163tK9Wjr9P9DmM0AVK7lm,Lorde,False
6n28c9qs9hNGriNa72b26u,PNAU,False
7ymhGfvQPQLHU20RovzLMJ,Thundamentals,False
6zVFRTB0Y1whWyH7ZNmywf,Tash Sultana,False
1iUTUix5kea176M0uJTsh4,DMA'S,False
73sIBHcqh3Z3NyqHKZ7FOL,Childish Gambino,False
6NFyaN9PMCDZ3LKxGwHAXt,Illy,False
0UZ1nu3kcdNlCoiKRjmSSY,Peking Duk,False
6l5dAUNRhHnRSPPmRJSKQr,Marcus Marr,False
23IZADrJHPStZ6aMxJVq3s,Jarryd James,False
3fmMaLC5jjf2N4EC2kTx0u,Hermitude,False
6nS5roXSAGhTGr34W6n7Et,Disclosure,False
6UcJxoeHWWWyT5HZP064om,Chet Faker,False
1hzfo8twXdOegF3xireCYs,Milky Chance,False
7xUZ4069zcyBM4Bn10NQ1c,Ásgeir,False
4tZwfgrHOc3mvqYlEYSvVi,Daft Punk,False
7Ln80lUS6He07XvHI8qqHH,Arctic Monkeys,False
00FQb4jTyendYWaN8pK0wa,Lana Del Rey,False
7CIW23FQUXPc1zebnO1TDG,Matt Corby,False
5gcDZA9xXCOspWgQilUYIu,The Preatures,False
3Bd1cgCjtCI32PYvDC3ynO,London Grammar,False
3JhNCzhSMTxs9WLGJJxWOY,Macklemore,False
4dwdTW1Lfiq0cM8nBAqIIz,Of Monsters and Men,False
3XHO7cRUPCLOr6jwp8vsx5,alt-J,False
3gd8FJtBJtkRxdfbTu19U2,Mumford & Sons,False
2h93pZq0e7k5yf4dywlkpM,Frank Ocean,False
2AsusXITU8P25dlRNhcAbG,Gotye,False
7mnBLXK823vNxN3UWB7Gfz,The Black Keys,False
2NqgE99Ll5vOTvmbN7O2R6,Boy & Bear,False
63MQldklfxkjYDoUE4Tppz,M83,False
0Ou0138wEd8XWebhc4j7O0,San Cisco,False
3vn7rk7VNMfDhuZNB9sDYP,360,False
76KHdORVQMt7L6nVzvOUph,The Jezabels,False
74WcfqC2hmUFHEJs0PDqYi,Little Red,False
1m3jswEIBazYObuVL9NriQ,Ou Est Le Swimming Pool,False
25ou7Y6W7L1fcMoCZMbf86,Birds Of Tokyo,False
5kp9Qhzri9LrDkzrtjt5Sh,Adrian Lux,False
5nLYd9ST4Cnwy6NHaCxbj8,CeeLo Green,False
0Ya43ZKWHTKkAbkoJJkwIB,The Wombats,False
4MlrZKzgi3UuZi2iDKjOar,Art vs Science,False
1xU878Z1QtBldR7ru9owdU,Phoenix,False
7sCcPQQft3sSxcJaB30dlb,Bluejuice,False
53f2OKMfVLTsHFkGyA5dnz,Lisa Mitchell,False
13saZpZnCDWOI9D4IJhp1f,Lily Allen,False
12Chz98pHFMPJEknJQMWvI,Muse,False
1moxjboGR7GNWYIMWsRjgG,Florence + The Machine,False
2qk9voo8llSGYcZ6xrBzKx,Kings of Leon,False
1zTAQ6zkGz2L2i6lfR30EX,The Presets,False
0nqejKHUiWWMRltB0Cx5xq,PEZ,False
2wvUfjKGoXvcnDHq7GgMOa,The Ting Tings,False
4Q6bcEc5YCypvMZ5kjaTMp,Drapht,False
5d0bxRte3J74ZXyEGRL8uU,Dato' Sri Siti Nurhaliza,False
7Dx7RhX0mFuXhCOUgB01uM,JJ Lin,False
4gzpq5DPGxSnKTe4SA8HAU,Coldplay,False
7aRC4L63dBn3CiLDuWaLSI,G.E.M.,False
57n1OF36WvtOeATY6WQ6iw,Digga D,False
6UCQYrcJ6wab6gnQ89OJFh,Headie One,False
5zfEatKLDdRkgbw6sdLBAQ,Octavian,False
2tPR06hLUvH5aIY3JXNIxY,dutchavelli,False
7b79bQFziJFedJb75k6hFt,Tion Wayne,False
5VadK1havLhK1OpKYsXv9y,D-Block Europe,False
4ktBrNjagCGftyuBLJkATq,Wes Nelson,False
3rbtPd0NcvhO2AzMfzx90z,Fredo,False
2PJEagPIxaBugeMjIyKVXF,Aitch,False
0koPE9U3b5XYArKa7R2TLm,OFB,False
0M4TICrzqPJ9wzqY2SDO39,Gleb Ragalevich,False
3bn93QEHOITZ4ARuiZdfRA,Morrisson,False
0tPKcpC8yXpfdWXFcN7Vwr,Nines,False
3Q8Ow3li2nXzZhRPHMwR7h,Da Beatfreakz,False
4Xi6LSfFqv26XgP9NKN26U,AJ Tracey,False
4PCeJ2EIn3YtzYYRsHHWyy,GRM Daily,False
5VNMclLseLzRnVhvkrqdpn,Loski,False
5H4yInM5zmHqpKIoMNAx4r,Central Cee,False
76IdLCK81jcB44BTCgR7Vx,Country Dons,False
491U1PrV1EoQuhM0aUCn9r,M Huncho,False
1Nhg7gO8g4WQum0phRkU3C,Tuggawar,False
5ZD4VhNTUEnEBTlWQPeyzq,M1llionz,False
1nzgtKYFckznkcVMR3Gg4z,KSI,False
4Dokdwa3WB7ilQ2c2qvIBL,Bugzy Malone,False
7JMwO9tyFPMsb2KnsJqZlp,B Young,False
3Lpx3ZSrsLeaVD9zKtGPiG,Chunkz,False
290nCNEce1y6rfoJiO2rK7,Pa Salieu,False
3iAhNz3e31lBuXYOsqGsf3,Unknown T,False
7bZpYWk0ZZN7CkOeXbAY0Z,Potter Payper,False
1Pm6hTRjgSkT3B4FCQpW4g,Meekz,False
47rT8CoKTbr0S945AGgATQ,DigDat,False
58ICshZ0AgBMNJiLHK3U8l,Deno,False
6W4vm8P3JFQboO4cvHeqaa,Knucks,False
6S2OmqARrzebs0tKUEyXyp,Demi Lovato,False
6Ad91Jof8Niiw0lGLLi3NW,YUNGBLUD,False
3PyJHH2wyfQK3WZrk9rpmP,Ashnikko,False
7DMveApC7UnC2NPfPvlHSU,Cheat Codes,False
25u4wHJWxCA9vO0CzxAbK7,Lukas Graham,False
1Cs0zKBU1kc0i8ypK3B9ai,David Guetta,False
6tmzRs9PljJyKrLArTgWr2,Nick Kandler,False
4RVnAU35WRWra6OZ3CbbMA,Kylie Minogue,False
3MTuYlKV6qbJXPLh7kmf4B,Pola Rise,False
4EPJlUEBy49EX1wuFOvtjK,Becky Hill,False
3bOBHc9T821VkIqj7LNYJq,Lemonwood,False
5qa31A9HySw3T7MKWI9bGg,FLETCHER,False
1iSNiZOmtGmOsJLWbAeiaV,Taydee Marie,False
3DiDSECUqqY1AuBP8qtaIa,Alicia Keys,False
0Wwji82sLA0Hcvtuak3omb,AUDREY NUNA,False
64FQYdBZnCYDJQGazQgthB,Fox Wilde,False
3SyWnrT7mZVolH1d1CKZVb,Jerusha,False
5tCYURgTmdP64OCLu5djQG,sophiemarie.b,False
4lDBihdpMlOalxy1jkUbPl,Grey,False
1FNNMyKV9cpW4CAe3NbTU9,Mia Sayoko,False
4nRHcfAmMSUanRKGE6vw3Q,MJ Songstress,False
1asSK5d79kA4LoNp4LmV3z,VEAUX,False
4nskIG5VkuYcUXhlSVDHaG,Rebecca Levy,False
5J1J4Fgcs49xIWDtBjD1xZ,I Hear Jimmy,False
7MYd5eQsYAgvc6JUyAHR8H,The Kid Fraze,False
4jiCcrwKBup48Toh85VIfq,nonnensee,False
1nIAc3kk2XEoSPxoa1Yd7G,Harlequiin,False
5GImm0oU5MkW7OHkb91jwu,Wolfgang Lohr,False
2ZnP7Vw0Rkz8KksxReWfji,Dallas Austin,False
7L2VDRsQIwfuo2eDBuhv6y,Nikki Shay,False
77ziqFxp5gaInVrF2lj4ht,Sech,False
6uhiWd75IdZeZgIAmjFal5,Spirit Of Sivana,False
6r5nslEUXZRMW9qpxKvxV6,Its Natascha,False
4361vY0bj7gjkZG9Gg42Jq,Katelyn Seary,False
4wGT7z6uSZfL2KdmUtG8d6,Sabby Sousa,False
6i3DxIlAqnDkwELLw4aVrx,Lele Pons,False
3dngyjaqghSgHD0g0Gp0L9,The Sleepless Elite,False
3wnCQMuDWZ03Hsq7lkAZGn,Blood End Wine,False
5vUvUbVlt1pGuS7zCaavsq,Makichi,False
61NlYrZaDBKD7irqGtydxU,Monoply,False
6fTa2ugChlaoRIF6jvrZdV,RAENE,False
6wCdPDfNu7kWsDTuBFe8x8,Flo Chase,False
0QHgL1lAIqAw0HtD7YldmP,DJ Khaled,False
7ltDVBr6mKbRvohxheJ9h1,ROSALÍA,False
7gZfnEnfiaHzxARJ2LeXrf,6ix9ine,False
2HPaUgqeutzr3jx5a9WyDV,PARTYNEXTDOOR,False
16s0YTFcyjP4kgFwt7ktrY,Mayday,False
1cg0bYpP5e2DNG0RgK2CMN,Joker Xue,False
7xNYY1Zkb1vks5m9ATlJok,Naza,False
7IlRNXHjoOCgEAWN5qYksg,Aya Nakamura,False
1SxuyHZnLUFyFHGzdGaxZk,Wejdene,False
4krMq8pXkLVTGplpYgHlnV,Ronisia,False
4sbXXFzEWJY2zsZjelerjX,Dadju,False
0GgY7hjMoGDsX8ZDe2mwds,Soolking,False
7gU9VyFRN3JWPJ5oHOil60,Tayc,False
3PsyPWjsftbfeXGorZv4AM,Grand Corps Malade,False
15jZ8OLtnGATWHlQkltG7f,Amel Bent,False
3DCWeG2J1fZeu0Oe6i5Q6m,PLK,False
3IW7ScrzXmPvZhB27hmfgy,Jul,False
0GOx72r5AAEKRGQFn3xqXK,GIMS,False
5iZMWWLoDJH1u6Ru2rOEsd,Keen' V,False
7wjeXCtRND2ZdKfMJFu6JC,Louane,False
1WDkNp8Duv9QhO246S4dDa,Bramsito,False
2GlEiSHYEKlq9cUYDa9oZb,Lynda,False
2RJBv9wXbW6m539q9NOfW1,Soprano,False
5nH2klYTzn8CNvUv1GOGQO,Eva,False
6rl53MP8HSoiugpqzA50Zh,Amir,False
6HhnhnxLsowYuuejvku0Bz,Lartiste,False
1kwzW1IszUiq4Gs9BFesvW,Hornet La Frappe,False
46wEUZyujVrFSrdCnTKQmV,Marwa Loud,False
0qO3t2MHM5NIEJ5fw9VndY,Benab,False
6L34dW6SKMSDaGIfYDU19j,Maes,False
5hREZP0zTQbTLkZ2M8RS4v,Djadja & Dinaz,False
05hirnMeVIzCrcUxbrysZU,Hatik,False
0Ntl0oWMPWfBOoi9Qcr9ht,Vitaa,False
2tcoLkA9Hexz70Kuc1NTUl,Gradur,False
0FEJqmeLRzsXj8hgcZaAyB,Indila,False
6ihCRApNJtA2jTLA15UYID,Blane Howard,False
77kULmXAQ6vWer7IIHdGzI,Jordan Davis,False
3ZcbVcd3fsf9qKK02UVzGB,Gary Barlow,False
3AVfmawzu83sp94QW7CEGm,Astrid S,False
3V0ZQW0dNuVaFtbVYgSI24,Claire Rosinkranz,False
6o6jMpcBBv4jMOEE1Z4tlJ,Jador,False
1uRZ4uQbQbzWAHozLnUxIj,Bogdan De La Ploiesti,False
5h0wBmd25qPcGSInl3dp66,Tzanca Uraganu,False
29wSS5bDd3Ys4VMaXAvN7F,Nikolas,False
1YMrqJ1if4wmBE8CxnqLLt,Nikolas SAX,False
0LRizmzjNKAjWlmkYBJi8V,Jean de la Craiova,False
6Ujb9g9pljLl91qELsPZYo,Florin Salam,False
7iwW4N99bE6IqmetoSwJ7h,Asu,False
25eprDXZN5sMuYurRhDZ90,Haidin,False
0lD0cnzSrUjThgH9YxBF82,Luis Gabriel,False
1pSrnszC45xsQbIFBWRUHy,Georgiana Lobonț,False
0smlefnznDTwWJhoFilEpx,Cristina,False
4tB1i3eh5ABSSjEPW9fTSZ,Urucu Robert,False
55xJmWjZC4Pa3FwEsMY28w,Liviu Guta,False
2Ieszafc1unlRGyRmhGDFB,Florin cercel,False
7ch05jNCIyNpsanogPBVoo,Reea & Tina,False
60KR2lVVoYd6GIcfLoUjPI,Dani Mocanu,False
264Be2Waq137vybMlFYCnu,Theo Rose,False
0p1gZPbIwiu7I6dDyk8FPg,Dana de la Victoria,False
1KZ7dA8xMPKUSZX6X1Uiy2,Shaban Regele din Banat,False
1OpVAtFhjrs1jnWz2dHYUb,Ticy,False
5FK1YzcREfjBuxM8i7UtBe,Ece Mumay,False
2kdaYJfJVIGBaNcMmrg13p,Zehra,False
3WKZeiNOV5dnANlQnjL95B,Irmak Arıcı,False
0wCKNMsqYasJBFVagjay49,Hadise,False
6qg3g0aneq4tOJgpzIuEmT,Nigar Muharrem,False
6iBdV6h17D1kOnK9lFyWo3,Bilal Sonses,False
50z4meqYMvVCXEv2jDneDN,Tuğçe Kandemir,False
2wswrLV1o19frClh3pHxws,Bilal Hancı,False
5q0uL3T6JoEVGylrtCnfCb,Enes Batur,False
42eVTsIe8wg9QTuzYSn4UB,Günay Aksoy,False
1nFJWl30l3PAHei86OxN0i,Oğuzhan Koç,False
4Pj2N5oJ3rrQjERtkC3MMl,Grup Roj,False
64d1rUxfizSAOE9UbMnUZd,Sezen Aksu,False
5h2jTdwf4p0dM34aBykPzZ,İrem Derici,False
4zvfUbCpoR8fWGg0kysc4u,Veysel Mutlu,False
1mpOD8ZwHnbsryIuXWq0R1,Zeynep Bastık,False
3cNwyF5SboOs9icz2XyotE,Mustafa Ceceli,False
1qZ684TB9E1BjH58btdtYd,Buray,False
1Fg19vpUJpAAPFjnKaVYVW,Reynmen,False
5JJc8is4VzgOz8ZanDj18J,Arem Ozguc,False
18hpynG63scJYxOSDYHUVN,Burak King,False
4sn7PwrthjHpm1wRdckANt,Enes Kaçmaz,False
4QYrSz56GbbWzazB3ykW7G,Fatih Bulut,False
0Qbd0AGWuzggX61s306wZN,Ebru Yaşar,False
0cWUXno2lbskKfNR0iQRl2,Berk Coşkun,False
6YapGsI8u59kfewJjjJ2LJ,Hande Ünsal,False
4XP7cGw4t8BqZ8Du5q3bHg,Emir Can İğrek,False
7zVYyYhGZxvPHPuhzReYHP,Ziynet Sali,False
5IbdRuOxSxGes8BU3lKmBx,KADR,False
1B0fCkXH620aujSMm3wIKS,Sura İskenderli,False
2IiSMrjpXiteqhISWXkdUG,Sibel Can,False
31czVneIywpUwJTNOVviJx,Sinan Akçıl,False
2y1VzMKAa5nmfXKtJL9jnj,Murda,False
35REohk9jOvZS11OhYJ6aD,Kaya Giray,False
7gobcoscOfsY0nOeqqFzvU,Yüzyüzeyken Konuşuruz,False
0J7kxhnyiFpd0NArVYvexR,Ali Kınık,False
2ekGsQEkeMtYFA16Jjes2M,İlyas Yalçıntaş,False
6BPzJMh8hXyURWbYwE2p1h,İsmail YK,False
2OWh9iyVeIqJm04kwcaArP,İdo Tatlıses,False
53oeVgECSa18dkHBQ9X6Eh,Murat Boz,False
6kf7koRM31Dgsj2WbByZpB,Ersay Üner,False
0mkH5jj3goQ51JtPKVodTo,Mustafa Sandal,False
1mvxj5GtTiRhQ3G3qeVCJj,Nahide Babashlı,False
5BueMcWYV4z3Jqrfo8GXCV,kimbureyhan,False
6K08etwXa3DlPdKL1Si8HQ,Gizem Kara,False
5juVQV1lGuA4o5IrLwpZar,Berkay,False
0yD2DVFXE71nWf8oLJ9xXX,Fatih Burdurlu,False
6f4srX54JFrLNK4aTJe2Sc,Ren Ran,False
0iMFttJ05HMGTKWRPHlFOF,胡66,False
4kVy1sDTGmCWzxmzY6soNZ,Alien Huang,False
6LYS0dZTQZ8FX5TQuvjcgk,王靖雯不胖,False
0MEchSWR9pJvw1S5CV3Kuk,Rainie Yang,False
5SWFVqjJ5POFRF6cudSL3X,解语花,False
6taSlFSqCqAEUHOliFyHt7,梦然,False
2z483yEJXdjguqCQysftmD,白小白,False
14bJhryXGk6H6qlGzwj3W5,Hebe Tien,False
0xftsXB7VnOwibMhupkamE,司南,False
5a5vu4RzsAHdKN0aYyblZ8,吳青峰,False
0JvihWUI0PyC4sEJGVwrAg,Da Zhuang,False
4TcOznbEZBqev21LzAH4KE,高爾宣 OSN,False
0RA2BX6jmqVZ7tBtpvMtjQ,山水组合,False
6g641431O1Xkl7HAs2yFEg,EggPlantEgg,False
2qXGNIlmY3JrYkxOWyXZsd,E.SO,False
6nM532KItQk0KhrE2PoZkk,皮卡丘多多,False
40sntfyZsRwGfDgSJnxYuX,婁峻碩,False
6V1SwiosQqf5XvmoTMCGa9,Dear Jane,False
2zvpm9x2IQdzpTIPcxsBVO,Vincent Wong,False
6jlz5QSUqbKE4vnzo2qfP1,Karen Mok,False
01u3qI3xMGFvktXyRSMGRZ,Vicky Chen,False
3dTgjg7lzUGiD3NwcGCK1n,阿冗,False
6JZIgN9gEgNSS8lY5pmwbx,音阙诗听,False
0rTP0x4vRFSDbhtqcCqc8K,Ronghao Li,False
190bkHbFrRvEhcB7Zpuv3y,Waa Wei,False
1caoBfXJrbKCwIaTzGkyHn,SIX60,False
3eAOH2az3fQIfX2UAw0FfC,L.A.B.,False
3PhoLpVuITZKcymswpck5b,Elton John,False
4O15NlyKLIASxsJ0PrXPfz,Lil Uzi Vert,False
2QsynagSdAqZj3U9HgDzjD,Bob Marley & The Wailers,False
50co4Is1HCEo8bhOyUWKpn,Young Thug,False
4LLpKhyESsyAXpc4laK94U,Mac Miller,False
6S0IvKlvPMX1RtAYtVpUV8,Drax Project,False
5hdhHgpxyniooUiQVaPxQ0,Nio Garcia,False
1i8SpTcr7yvPOmcqrbnVXY,Ozuna,False
329e4yvIujISKGKz1BZZbO,Farruko,False
1mcTU81TzQhprhouKaTkpq,Rauw Alejandro,False
2cPqdH7XMvwaBJEVjheH8g,Jay Wheeler,False
0tmwSHipWxN12fsoLcFU3B,Manuel Turizo,False
0GM7qgcRCORpGnfcN2tCiB,Tainy,False
4VMYDCV2IEDYJArk749S6m,Daddy Yankee,False
28gNT5KBp7IjEOQoevXf9N,Camilo,False
1GDbiv3spRmZ1XdM1jQbT7,Natti Natasha,False
7f02bxFbZIOVdSbYRNYvLT,Jerry Di,False
2R21vXR83lH98kGeO99Y66,Anuel AA,False
7DgpPXntG6DkNR4hCi4PjP,Chesca,False
4SsVbpTthjScTS7U2hmr1X,Arcangel,False
14zUHaJZo1mnYtn6IBRaRP,Justin Quiles,False
3MHaV05u0io8fQbZ2XPtlC,Prince Royce,False
7MP4jhYmFEgb0AtiOkw55s,Play-N-Skillz,False
0vR2qb8m9WHeZ5ByCbimq2,Reik,False
1SupJlEpv7RS2tPNRaHViT,Nicky Jam,False
0EmeFodog0BfCgMzAIvKQp,Shakira,False
7zY0DMisq1oYXvNNgGwHBY,Juanfran,False
7iK8PXO48WeuP03g8YR51W,Myke Towers,False
47MpMsUfWtgyIIBEFOr4FE,Lunay,False
0TnOYISbd1XYRBk9myaseg,Pitbull,False
07YUOmWljBTXwIseAUd9TW,Sebastian Yatra,False
5DUlefCLzVRzNWaNURTFpK,Cali Y El Dandee,False
3E6xrwgnVfYCrCs0ePERDz,Wisin,False
7FNnA9vBm6EKceENgCGRMb,Anitta,False
1Ts9of7VPZElwPQnqnDSfW,Lyanno,False
1DxLCyH42yaHKGK3cl5bvG,Maria Becerra,False
1tMWkquIkQtVD6vaZlDbSQ,Chema Rivas,False
3HH6yOn1yJNZo3RY5zEfy5,Javiielo,False
3tZdknQnzsVIIdaGCTj4RX,Quimico Ultra Mega,False
0eHQ9o50hj6ZDNBt6Ys1sD,Yandel,False
2DlGxzQSjYe5N6G9nkYghR,Jennifer Lopez,False
2wkoKEfS6dXwThbyTnZWFU,Mau y Ricky,False
7vXDAI8JwjW531ouMGbfcp,TINI,False
5dbaLmK5SHLLg8Z4CcTJpX,Greeicy,False
7eLcDZDYHXZCebtQmVFL25,Aitana,False
4IMAo2UQchVFyPH24PAjUs,Jowell & Randy,False
3m5qlPf2OkihLz3dRYnkPA,Ovy On The Drums,False
5xSx2FM8mQnrfgM1QsHniB,Danna Paola,False
2DspEsT7UXGKd2VaaedgG4,Alex Rose,False
2UZIAOlrnyZmyzt1nuXr9y,Nicki Nicole,False
1QivQCLVipV61DiQiyV14A,Kim Loaiza,False
69UypehHabb68utzfjAVlV,Kany Garcia,False
7lCRuW6BSXGAsxuQV9lR0i,Gigolo Y La Exce,False
0eecdvMrqBftK0M1VKhaF4,CNCO,False
1TtXnWcUs0FCkaZDPGYHdf,Darell,False
7hIqJfRYGBWWT1Qxu6Cpd2,Andy Rivera,False
3Jx0IZhtmyvcyoZLKELRH2,Brickboydior,False
0ErzCpIMyLcjPiwT4elrtZ,NLE Choppa,False
3tJoFztHeIJkJWMrx0td2f,Moneybagg Yo,False
7wlFDEWiM5OoIAt8RSli8b,YoungBoy Never Broke Again,False
1URnnhqYAYcrqrcwql10ft,21 Savage,False
45TgXXqMDdF8BkjA83OM7z,Rod Wave,False
3Rx4PJ7SP6unkOk5elPUK7,Money Man,False
5iyTbismzdvyjpjIuhKRvX,Foogiano,False
3MdXrJWsbVzdn6fe5JYkSQ,Mulatto,False
6oMuImdp5ZcFhWP0ESe6mG,Migos,False
3hcs9uc56yIGFCSy9leWe7,Lil Durk,False
44JEJiBvti7NiEhAfzWstv,MO3,False
0WK3H9OErSn5zKOkOV5egm,DDG,False
6AgTAQt8XS6jRWi4sX7w49,Polo G,False
13y7CgLHjMVRMDqxdx0Xdo,Gucci Mane,False
220xv2aB3dsGxaJI1gGs7l,Hotboii,False
6QtgPSJPSzcnn7dPZ4VINp,King Von,False
6C1ohJrd5VydigQtaGy5Wa,Joyner Lucas,False
5KYEMMz9O9iLIESifKAEOp,WhoHeem,False
6cK3NBO6uP7hh0oyuVELFl,Saweetie,False
3C1bStPNVIPmGIrORT5OlF,Bfb Da Packman,False
2S2mt1DiA4QKdKvtqwxrbB,Jackboy,False
21VBNkZvKxrI9zmfFRxXvn,8-Bit Arcade,False
7A8S43ryYdbWpJKeHRZRcq,JACKBOYS,False
2jku7tDXc6XoB6MO2hFuqg,Tory Lanez,False
2HUwZ0kumzCSlhFcjFZfpp,Flipp Dinero,False
6lay1nwbE6hTx1jivysUAL,Princess Nokia,False
5Berubt6ysOy2LCMyqhmXP,YFN Lucci,False
5icKdCmMhNMYoAzVBAWt39,Dax,False
2eqoJbzUGDwys5ENUkbT3h,J.I the Prince of N.Y,False
2hlmm7s2ICUX0LVIhVFlZQ,Gunna,False
7A02nc5WKMBLqSKXxGZ4o8,Llane,False
0KPX4Ucy9dk82uj4GpKesn,Dalex,False
4V8Sr092TqfHkfAA5fXXqG,Luis Fonsi,False
0BqURncJM5B1BBu7UM51eq,Guaynaa,False
3bvfu2KAve4lPHrhEFDZna,Lola Indigo,False
1phfTBIocBW3UwqcYjaEN6,Mike Bahía,False
65oocmSeB6z75kHwrZo1le,Mitch James,False
0PK0Dx3s9et0Uf4XbdFpiW,Sons Of Zion,False
5bYfbDXaMVCxEt7hOAvEWc,Dave Dobbyn,False
31ACkQCBFwLQGxN8MwfSrO,Tiki Taane,False
32GMj177nVLZPp3lqVrCXp,Kings,False
7fRw4ouudxR1jHgyrTIKuY,Stan Walker,False
4bXJYb8inT1EvC54wqCRtT,1814,False
0Q35wRRhdsU8EbsJ1eouCY,The Black Seeds,False
6w3m0txFG5SMj98jxSBIuF,The Exponents,False
0a2RyaJGZwNek1n0fpNPVp,Ché-Fu,False
786hGmAEXHUeCdKPAj3JIa,Katchafire,False
32lo0J8u6KZJTwBOIBrdYS,Fat Freddy's Drop,False
7ohlPA8dRBtCf92zaZCaaB,Crowded House,False
4CeW2xghttvllIwy4AqNSg,Aaradhna,False
2Ic4xql5jDmRz7AiWW7s3S,Skye,False
0PSLPVwV2hIRsjvvfHoS21,Zoe Behrakis,False
5Bmmqy0mwtq3lVOyMH8WPZ,Em Davila,False
5KNNVgR6LBIABRIomyCwKJ,Dermot Kennedy,False
2qxJFvFYMEDqd7ui6kSAcq,Zedd,False
0ukgrNYk51TkMQr0f2Br4Q,Maverick Sabre,False
0NGAZxHanS9e0iNHpR8f2W,Alok,False
5veVxxPm1vzgi6pO2iVA8L,Bruno Martini,False
4cdyqaBREB68H77QKCrKP1,Dubdogz,False
02qlwM8fpqep7vX8KKEFmK,LA Vision,False
2WBJQGf1bT1kxuoqziH5g4,Purple Disco Machine,False
4AKwRarlmsUlLjIwt38NLw,Ofenbach,False
7ACEUD7UsmmXrnj4OLt8f9,twocolors,False
4lAI6jiWfiec8dgvxMUyFe,Asher,False
4mrBetqy378Jf1y6NLszlx,VINAI,False
4CA8PTrbq1l5IgyvBA2JSV,Paul Woolford,False
3tSmEw5WMGAZ6sxt9Dt3Nt,Otnicka,False
5ENS85nZShljwNgg4wFD7D,Gabry Ponte,False
1LIp77U8dWasEozNCGCuMa,Emre Kabak,False
09agIJMxCD2k87ys9Al0f0,VIZE,False
1kfWoWgCugPkyxQP8lkRlY,Jackson Wang,False
5B4kCOhcqTywB9YwXPfFtJ,Weird Genius,False
12A83CWwFiyXy90ScLWPIe,LIZOT,False
7hQmAXAzWI6D350VTgkKTG,Arash,False
7f5Zgnp2spUuuzKplmRkt7,Lost Frequencies,False
7iDeMFJKjI1ak40N3hoYOZ,Lil Xxel,False
3OKg7YbOIatODzkRIbLJR4,TheFatRat,False
4V0T7uK9B0EblaYsP6hQnm,YIXZ,False
49CE2ffZ6Z3zeYSDauSKck,Tungevaag,False
2ZRQcIgzPCVaT9XKhXZIzh,Gryffin,False
6LHsnRBUYhFyt01PdKXAF5,Bob Moses,False
47z7ZrgFoBvVpCnElCE3Zh,Yellow Claw,False
